,Emoticon_Unicode,Emoticon_Description,Emoticon_Symbol,Emoji_hexcode_utf8
0,1F602,FACE WITH TEARS OF JOY,\U0001F602,😂
1,2764,HEAVY BLACK HEART,\U00002764,❤
2,1F60D,SMILING FACE WITH HEART-SHAPED EYES,\U0001F60D,😍
3,2665,BLACK HEART SUIT,\U00002665,♥
4,1F62D,LOUDLY CRYING FACE,\U0001F62D,😭
5,1F60A,SMILING FACE WITH SMILING EYES,\U0001F60A,😊
6,1F612,UNAMUSED FACE,\U0001F612,😒
7,267B,BLACK UNIVERSAL RECYCLING SYMBOL,\U0000267B,♻
8,1F495,TWO HEARTS,\U0001F495,💕
9,1F618,FACE THROWING A KISS,\U0001F618,😘
10,1F629,WEARY FACE,\U0001F629,😩
11,263A,WHITE SMILING FACE,\U0000263A,☺
12,1F44C,OK HAND SIGN,\U0001F44C,👌
13,1F614,PENSIVE FACE,\U0001F614,😔
14,1F60F,SMIRKING FACE,\U0001F60F,😏
15,1F601,GRINNING FACE WITH SMILING EYES,\U0001F601,😁
16,1F609,WINKING FACE,\U0001F609,😉
17,2B05,LEFTWARDS BLACK ARROW,\U00002B05,⬅
18,1F44D,THUMBS UP SIGN,\U0001F44D,👍
19,1F60C,RELIEVED FACE,\U0001F60C,😌
20,1F64F,PERSON WITH FOLDED HANDS,\U0001F64F,🙏
21,1F3B6,MULTIPLE MUSICAL NOTES,\U0001F3B6,🎶
22,1F622,CRYING FACE,\U0001F622,😢
23,1F60E,SMILING FACE WITH SUNGLASSES,\U0001F60E,😎
24,1F440,EYES,\U0001F440,👀
25,1F605,SMILING FACE WITH OPEN MOUTH AND COLD SWEAT,\U0001F605,😅
26,1F633,FLUSHED FACE,\U0001F633,😳
27,1F64C,PERSON RAISING BOTH HANDS IN CELEBRATION,\U0001F64C,🙌
28,1F494,BROKEN HEART,\U0001F494,💔
29,1F648,SEE-NO-EVIL MONKEY,\U0001F648,🙈
30,270C,VICTORY HAND,\U0000270C,✌
31,2728,SPARKLES,\U00002728,✨
32,1F499,BLUE HEART,\U0001F499,💙
33,1F49C,PURPLE HEART,\U0001F49C,💜
34,1F4AF,HUNDRED POINTS SYMBOL,\U0001F4AF,💯
35,1F634,SLEEPING FACE,\U0001F634,😴
36,1F604,SMILING FACE WITH OPEN MOUTH AND SMILING EYES,\U0001F604,😄
37,1F496,SPARKLING HEART,\U0001F496,💖
38,1F611,EXPRESSIONLESS FACE,\U0001F611,😑
39,1F615,CONFUSED FACE,\U0001F615,😕
40,1F61C,FACE WITH STUCK-OUT TONGUE AND WINKING EYE,\U0001F61C,😜
41,1F61E,DISAPPOINTED FACE,\U0001F61E,😞
42,1F60B,FACE SAVOURING DELICIOUS FOOD,\U0001F60B,😋
43,1F62A,SLEEPY FACE,\U0001F62A,😪
44,1F610,NEUTRAL FACE,\U0001F610,😐
45,1F44F,CLAPPING HANDS SIGN,\U0001F44F,👏
46,1F481,INFORMATION DESK PERSON,\U0001F481,💁
47,1F497,GROWING HEART,\U0001F497,💗
48,1F498,HEART WITH ARROW,\U0001F498,💘
49,1F525,FIRE,\U0001F525,🔥
50,1F49E,REVOLVING HEARTS,\U0001F49E,💞
51,1F449,WHITE RIGHT POINTING BACKHAND INDEX,\U0001F449,👉
52,1F48B,KISS MARK,\U0001F48B,💋
53,1F64A,SPEAK-NO-EVIL MONKEY,\U0001F64A,🙊
54,1F4F7,CAMERA,\U0001F4F7,📷
55,1F338,CHERRY BLOSSOM,\U0001F338,🌸
56,1F631,FACE SCREAMING IN FEAR,\U0001F631,😱
57,270B,RAISED HAND,\U0000270B,✋
58,1F608,SMILING FACE WITH HORNS,\U0001F608,😈
59,1F339,ROSE,\U0001F339,🌹
60,1F621,POUTING FACE,\U0001F621,😡
61,1F389,PARTY POPPER,\U0001F389,🎉
62,1F603,SMILING FACE WITH OPEN MOUTH,\U0001F603,😃
63,1F480,SKULL,\U0001F480,💀
64,1F62B,TIRED FACE,\U0001F62B,😫
65,1F49B,YELLOW HEART,\U0001F49B,💛
66,1F4AA,FLEXED BICEPS,\U0001F4AA,💪
67,25B6,BLACK RIGHT-POINTING TRIANGLE,\U000025B6,▶
68,1F61D,FACE WITH STUCK-OUT TONGUE AND TIGHTLY-CLOSED EYES,\U0001F61D,😝
69,1F44A,FISTED HAND SIGN,\U0001F44A,👊
70,1F606,SMILING FACE WITH OPEN MOUTH AND TIGHTLY-CLOSED EYES,\U0001F606,😆
71,1F31A,NEW MOON WITH FACE,\U0001F31A,🌚
72,1F600,GRINNING FACE,\U0001F600,😀
73,1F624,FACE WITH LOOK OF TRIUMPH,\U0001F624,😤
74,2600,BLACK SUN WITH RAYS,\U00002600,☀
75,1F613,FACE WITH COLD SWEAT,\U0001F613,😓
76,2714,HEAVY CHECK MARK,\U00002714,✔
77,1F63B,SMILING CAT FACE WITH HEART-SHAPED EYES,\U0001F63B,😻
78,1F493,BEATING HEART,\U0001F493,💓
79,1F49A,GREEN HEART,\U0001F49A,💚
80,1F448,WHITE LEFT POINTING BACKHAND INDEX,\U0001F448,👈
81,1F623,PERSEVERING FACE,\U0001F623,😣
82,1F637,FACE WITH MEDICAL MASK,\U0001F637,😷
83,27A1,BLACK RIGHTWARDS ARROW,\U000027A1,➡
84,1F607,SMILING FACE WITH HALO,\U0001F607,😇
85,1F44B,WAVING HAND SIGN,\U0001F44B,👋
86,1F61B,FACE WITH STUCK-OUT TONGUE,\U0001F61B,😛
87,1F625,DISAPPOINTED BUT RELIEVED FACE,\U0001F625,😥
88,1F61A,KISSING FACE WITH CLOSED EYES,\U0001F61A,😚
89,1F451,CROWN,\U0001F451,👑
90,2705,WHITE HEAVY CHECK MARK,\U00002705,✅
91,1F62C,GRIMACING FACE,\U0001F62C,😬
92,1F3A7,HEADPHONE,\U0001F3A7,🎧
93,1F616,CONFOUNDED FACE,\U0001F616,😖
94,1F620,ANGRY FACE,\U0001F620,😠
95,1F31F,GLOWING STAR,\U0001F31F,🌟
96,1F3B5,MUSICAL NOTE,\U0001F3B5,🎵
97,1F636,FACE WITHOUT MOUTH,\U0001F636,😶
98,1F64B,HAPPY PERSON RAISING ONE HAND,\U0001F64B,🙋
99,1F447,WHITE DOWN POINTING BACKHAND INDEX,\U0001F447,👇
100,1F44E,THUMBS DOWN SIGN,\U0001F44E,👎
101,1F52B,PISTOL,\U0001F52B,🔫
102,1F483,DANCER,\U0001F483,💃
103,1F534,LARGE RED CIRCLE,\U0001F534,🔴
104,1F4AB,DIZZY SYMBOL,\U0001F4AB,💫
105,21AA,RIGHTWARDS ARROW WITH HOOK,\U000021AA,↪
106,21A9,LEFTWARDS ARROW WITH HOOK,\U000021A9,↩
107,1F4A5,COLLISION SYMBOL,\U0001F4A5,💥
108,1F445,TONGUE,\U0001F445,👅
109,1F4AD,THOUGHT BALLOON,\U0001F4AD,💭
110,270A,RAISED FIST,\U0000270A,✊
111,00A9,COPYRIGHT SIGN,\U000000A9,©
112,2708,AIRPLANE,\U00002708,✈
113,1F4A9,PILE OF POO,\U0001F4A9,💩
114,1F630,FACE WITH OPEN MOUTH AND COLD SWEAT,\U0001F630,😰
115,1F645,FACE WITH NO GOOD GESTURE,\U0001F645,🙅
116,25C0,BLACK LEFT-POINTING TRIANGLE,\U000025C0,◀
117,1F639,CAT FACE WITH TEARS OF JOY,\U0001F639,😹
118,1F343,LEAF FLUTTERING IN WIND,\U0001F343,🍃
119,1F31E,SUN WITH FACE,\U0001F31E,🌞
120,1F4A6,SPLASHING SWEAT SYMBOL,\U0001F4A6,💦
121,1F646,FACE WITH OK GESTURE,\U0001F646,🙆
122,1F48E,GEM STONE,\U0001F48E,💎
123,2B50,WHITE MEDIUM STAR,\U00002B50,⭐
124,1F4A4,SLEEPING SYMBOL,\U0001F4A4,💤
125,26A1,HIGH VOLTAGE SIGN,\U000026A1,⚡
126,1F355,SLICE OF PIZZA,\U0001F355,🍕
127,1F388,BALLOON,\U0001F388,🎈
128,203C,DOUBLE EXCLAMATION MARK,\U0000203C,‼
129,1F340,FOUR LEAF CLOVER,\U0001F340,🍀
130,1F3A4,MICROPHONE,\U0001F3A4,🎤
131,1F47B,GHOST,\U0001F47B,👻
132,26BD,SOCCER BALL,\U000026BD,⚽
133,1F61F,WORRIED FACE,\U0001F61F,😟
134,1F628,FEARFUL FACE,\U0001F628,😨
135,1F6B6,PEDESTRIAN,\U0001F6B6,🚶
136,1F33A,HIBISCUS,\U0001F33A,🌺
137,1F427,PENGUIN,\U0001F427,🐧
138,1F380,RIBBON,\U0001F380,🎀
139,1F51E,NO ONE UNDER EIGHTEEN SYMBOL,\U0001F51E,🔞
140,2611,BALLOT BOX WITH CHECK,\U00002611,☑
141,1F334,PALM TREE,\U0001F334,🌴
142,1F450,OPEN HANDS SIGN,\U0001F450,👐
143,274C,CROSS MARK,\U0000274C,❌
144,1F619,KISSING FACE WITH SMILING EYES,\U0001F619,😙
145,2744,SNOWFLAKE,\U00002744,❄
146,1F47D,EXTRATERRESTRIAL ALIEN,\U0001F47D,👽
147,2757,HEAVY EXCLAMATION MARK SYMBOL,\U00002757,❗
148,1F485,NAIL POLISH,\U0001F485,💅
149,261D,WHITE UP POINTING INDEX,\U0000261D,☝
150,1F319,CRESCENT MOON,\U0001F319,🌙
151,1F647,PERSON BOWING DEEPLY,\U0001F647,🙇
152,2601,CLOUD,\U00002601,☁
153,1F308,RAINBOW,\U0001F308,🌈
154,1F3A5,MOVIE CAMERA,\U0001F3A5,🎥
155,1F49F,HEART DECORATION,\U0001F49F,💟
156,1F46F,WOMAN WITH BUNNY EARS,\U0001F46F,👯
157,1F37B,CLINKING BEER MUGS,\U0001F37B,🍻
158,1F627,ANGUISHED FACE,\U0001F627,😧
159,1F47C,BABY ANGEL,\U0001F47C,👼
160,1F342,FALLEN LEAF,\U0001F342,🍂
161,1F381,WRAPPED PRESENT,\U0001F381,🎁
162,1F49D,HEART WITH RIBBON,\U0001F49D,💝
163,2615,HOT BEVERAGE,\U00002615,☕
164,1F337,TULIP,\U0001F337,🌷
165,1F436,DOG FACE,\U0001F436,🐶
166,1F33B,SUNFLOWER,\U0001F33B,🌻
167,1F4B0,MONEY BAG,\U0001F4B0,💰
168,1F490,BOUQUET,\U0001F490,💐
169,260E,BLACK TELEPHONE,\U0000260E,☎
170,1F33F,HERB,\U0001F33F,🌿
171,1F382,BIRTHDAY CAKE,\U0001F382,🎂
172,1F62E,FACE WITH OPEN MOUTH,\U0001F62E,😮
173,1F3C3,RUNNER,\U0001F3C3,🏃
174,1F30E,EARTH GLOBE AMERICAS,\U0001F30E,🌎
175,1F30D,EARTH GLOBE EUROPE-AFRICA,\U0001F30D,🌍
176,2668,HOT SPRINGS,\U00002668,♨
177,2693,ANCHOR,\U00002693,⚓
178,2716,HEAVY MULTIPLICATION X,\U00002716,✖
179,1F635,DIZZY FACE,\U0001F635,😵
180,2663,BLACK CLUB SUIT,\U00002663,♣
181,1F384,CHRISTMAS TREE,\U0001F384,🎄
182,1F431,CAT FACE,\U0001F431,🐱
183,1F632,ASTONISHED FACE,\U0001F632,😲
184,1F62F,HUSHED FACE,\U0001F62F,😯
185,1F46B,MAN AND WOMAN HOLDING HANDS,\U0001F46B,👫
186,1F3C0,BASKETBALL AND HOOP,\U0001F3C0,🏀
187,1F31D,FULL MOON WITH FACE,\U0001F31D,🌝
188,1F446,WHITE UP POINTING BACKHAND INDEX,\U0001F446,👆
189,1F3C6,TROPHY,\U0001F3C6,🏆
190,1F4B8,MONEY WITH WINGS,\U0001F4B8,💸
191,1F48D,RING,\U0001F48D,💍
192,1F63F,CRYING CAT FACE,\U0001F63F,😿
193,1F46D,TWO WOMEN HOLDING HANDS,\U0001F46D,👭
194,1F4A8,DASH SYMBOL,\U0001F4A8,💨
195,1F33C,BLOSSOM,\U0001F33C,🌼
196,1F341,MAPLE LEAF,\U0001F341,🍁
197,1F48F,KISS,\U0001F48F,💏
198,1F38A,CONFETTI BALL,\U0001F38A,🎊
199,1F48C,LOVE LETTER,\U0001F48C,💌
200,1F478,PRINCESS,\U0001F478,👸
201,1F335,CACTUS,\U0001F335,🌵
202,1F649,HEAR-NO-EVIL MONKEY,\U0001F649,🙉
203,1F30A,WATER WAVE,\U0001F30A,🌊
204,1F3BC,MUSICAL SCORE,\U0001F3BC,🎼
205,1F486,FACE MASSAGE,\U0001F486,💆
206,2.30E+10,BLACK RIGHT-POINTING DOUBLE TRIANGLE,\U000023E9,⏩
207,1F626,FROWNING FACE WITH OPEN MOUTH,\U0001F626,😦
208,1F680,ROCKET,\U0001F680,🚀
209,2614,UMBRELLA WITH RAIN DROPS,\U00002614,☔
210,1F3AC,CLAPPER BOARD,\U0001F3AC,🎬
211,1F52A,HOCHO,\U0001F52A,🔪
212,1F444,MOUTH,\U0001F444,👄
213,1F4A3,BOMB,\U0001F4A3,💣
214,1F4F9,VIDEO CAMERA,\U0001F4F9,📹
215,1F64D,PERSON FROWNING,\U0001F64D,🙍
216,1F437,PIG FACE,\U0001F437,🐷
217,1F491,COUPLE WITH HEART,\U0001F491,💑
218,1F63D,KISSING CAT FACE WITH CLOSED EYES,\U0001F63D,😽
219,1F51D,TOP WITH UPWARDS ARROW ABOVE,\U0001F51D,🔝
220,1F369,DOUGHNUT,\U0001F369,🍩
221,1F41D,HONEYBEE,\U0001F41D,🐝
222,1F35F,FRENCH FRIES,\U0001F35F,🍟
223,1F36D,LOLLIPOP,\U0001F36D,🍭
224,1F300,CYCLONE,\U0001F300,🌀
225,1F47F,IMP,\U0001F47F,👿
226,1F3C8,AMERICAN FOOTBALL,\U0001F3C8,🏈
227,1F4A2,ANGER SYMBOL,\U0001F4A2,💢
228,1F385,FATHER CHRISTMAS,\U0001F385,🎅
229,1F4F2,MOBILE PHONE WITH RIGHTWARDS ARROW AT LEFT,\U0001F4F2,📲
230,1F197,SQUARED OK,\U0001F197,🆗
231,26A0,WARNING SIGN,\U000026A0,⚠
232,2666,BLACK DIAMOND SUIT,\U00002666,♦
233,1F43C,PANDA FACE,\U0001F43C,🐼
234,1F30F,EARTH GLOBE ASIA-AUSTRALIA,\U0001F30F,🌏
235,1F4F1,MOBILE PHONE,\U0001F4F1,📱
236,2660,BLACK SPADE SUIT,\U00002660,♠
237,1F353,STRAWBERRY,\U0001F353,🍓
238,1F63C,CAT FACE WITH WRY SMILE,\U0001F63C,😼
239,1F3B8,GUITAR,\U0001F3B8,🎸
240,1F638,GRINNING CAT FACE WITH SMILING EYES,\U0001F638,😸
241,1F430,RABBIT FACE,\U0001F430,🐰
242,1F4AC,SPEECH BALLOON,\U0001F4AC,💬
243,1F346,AUBERGINE,\U0001F346,🍆
244,1F377,WINE GLASS,\U0001F377,🍷
245,1F351,PEACH,\U0001F351,🍑
246,1F349,WATERMELON,\U0001F349,🍉
247,1F34C,BANANA,\U0001F34C,🍌
248,1F37A,BEER MUG,\U0001F37A,🍺
249,26C4,SNOWMAN WITHOUT SNOW,\U000026C4,⛄
250,1F374,FORK AND KNIFE,\U0001F374,🍴
251,1F6A8,POLICE CARS REVOLVING LIGHT,\U0001F6A8,🚨
252,1F476,BABY,\U0001F476,👶
253,1F43E,PAW PRINTS,\U0001F43E,🐾
254,1F52E,CRYSTAL BALL,\U0001F52E,🔮
255,1F640,WEARY CAT FACE,\U0001F640,🙀
256,1F352,CHERRIES,\U0001F352,🍒
257,1F617,KISSING FACE,\U0001F617,😗
258,1F4FA,TELEVISION,\U0001F4FA,📺
259,2B55,HEAVY LARGE CIRCLE,\U00002B55,⭕
260,1F438,FROG FACE,\U0001F438,🐸
261,26C5,SUN BEHIND CLOUD,\U000026C5,⛅
262,1F463,FOOTPRINTS,\U0001F463,👣
263,1F379,TROPICAL DRINK,\U0001F379,🍹
264,1F33E,EAR OF RICE,\U0001F33E,🌾
265,1F40D,SNAKE,\U0001F40D,🐍
266,1F6AE,PUT LITTER IN ITS PLACE SYMBOL,\U0001F6AE,🚮
267,1F697,AUTOMOBILE,\U0001F697,🚗
268,1F6AC,SMOKING SYMBOL,\U0001F6AC,🚬
269,1F538,SMALL ORANGE DIAMOND,\U0001F538,🔸
270,1F43B,BEAR FACE,\U0001F43B,🐻
271,2B07,DOWNWARDS BLACK ARROW,\U00002B07,⬇
272,1F423,HATCHING CHICK,\U0001F423,🐣
273,1F30C,MILKY WAY,\U0001F30C,🌌
274,1F383,JACK-O-LANTERN,\U0001F383,🎃
275,1F422,TURTLE,\U0001F422,🐢
276,1F47E,ALIEN MONSTER,\U0001F47E,👾
277,1F6C3,CUSTOMS,\U0001F6C3,🛃
278,1F354,HAMBURGER,\U0001F354,🍔
279,1F42F,TIGER FACE,\U0001F42F,🐯
280,2194,LEFT RIGHT ARROW,\U00002194,↔
281,1F3AF,DIRECT HIT,\U0001F3AF,🎯
282,1F4E2,PUBLIC ADDRESS LOUDSPEAKER,\U0001F4E2,📢
283,1F36B,CHOCOLATE BAR,\U0001F36B,🍫
284,1F36C,CANDY,\U0001F36C,🍬
285,1F366,SOFT ICE CREAM,\U0001F366,🍦
286,1F4DD,MEMO,\U0001F4DD,📝
287,1F378,COCKTAIL GLASS,\U0001F378,🍸
288,2122,TRADE MARK SIGN,\U00002122,™
289,1F50A,SPEAKER WITH THREE SOUND WAVES,\U0001F50A,🔊
290,1F489,SYRINGE,\U0001F489,💉
291,1F4DE,TELEPHONE RECEIVER,\U0001F4DE,📞
292,1F34D,PINEAPPLE,\U0001F34D,🍍
293,1F331,SEEDLING,\U0001F331,🌱
294,1F4DA,BOOKS,\U0001F4DA,📚
295,1F6AB,NO ENTRY SIGN,\U0001F6AB,🚫
296,1F4D5,CLOSED BOOK,\U0001F4D5,📕
297,1F425,FRONT-FACING BABY CHICK,\U0001F425,🐥
298,1F419,OCTOPUS,\U0001F419,🐙
299,00AE,REGISTERED SIGN,\U000000AE,®
300,1F370,SHORTCAKE,\U0001F370,🍰
301,1F347,GRAPES,\U0001F347,🍇
302,1F63A,SMILING CAT FACE WITH OPEN MOUTH,\U0001F63A,😺
303,1F3AE,VIDEO GAME,\U0001F3AE,🎮
304,25AA,BLACK SMALL SQUARE,\U000025AA,▪
305,1F484,LIPSTICK,\U0001F484,💄
306,1F433,SPOUTING WHALE,\U0001F433,🐳
307,1F4CD,ROUND PUSHPIN,\U0001F4CD,📍
308,1F48A,PILL,\U0001F48A,💊
309,2702,BLACK SCISSORS,\U00002702,✂
310,26BE,BASEBALL,\U000026BE,⚾
311,1F4BF,OPTICAL DISC,\U0001F4BF,💿
312,270F,PENCIL,\U0000270F,✏
313,1F410,GOAT,\U0001F410,🐐
314,1F36A,COOKIE,\U0001F36A,🍪
315,1F42C,DOLPHIN,\U0001F42C,🐬
316,1F412,MONKEY,\U0001F412,🐒
317,1F469,WOMAN,\U0001F469,👩
318,1F511,KEY,\U0001F511,🔑
319,1F4A1,ELECTRIC LIGHT BULB,\U0001F4A1,💡
320,1F479,JAPANESE OGRE,\U0001F479,👹
321,1F468,MAN,\U0001F468,👨
322,1F393,GRADUATION CAP,\U0001F393,🎓
323,1F467,GIRL,\U0001F467,👧
324,1F3E1,HOUSE WITH GARDEN,\U0001F3E1,🏡
325,1F386,FIREWORKS,\U0001F386,🎆
326,1F320,SHOOTING STAR,\U0001F320,🌠
327,1F4BB,PERSONAL COMPUTER,\U0001F4BB,💻
328,1F4A7,DROPLET,\U0001F4A7,💧
329,1F198,SQUARED SOS,\U0001F198,🆘
330,1F34E,RED APPLE,\U0001F34E,🍎
331,1F459,BIKINI,\U0001F459,👙
332,1F460,HIGH-HEELED SHOE,\U0001F460,👠
333,2753,BLACK QUESTION MARK ORNAMENT,\U00002753,❓
334,1F63E,POUTING CAT FACE,\U0001F63E,😾
335,1F4D6,OPEN BOOK,\U0001F4D6,📖
336,1F193,SQUARED FREE,\U0001F193,🆓
337,1F482,GUARDSMAN,\U0001F482,💂
338,1F535,LARGE BLUE CIRCLE,\U0001F535,🔵
339,1F418,ELEPHANT,\U0001F418,🐘
340,1F344,MUSHROOM,\U0001F344,🍄
341,1F3CA,SWIMMER,\U0001F3CA,🏊
342,1F4B5,BANKNOTE WITH DOLLAR SIGN,\U0001F4B5,💵
343,1F6A6,VERTICAL TRAFFIC LIGHT,\U0001F6A6,🚦
344,264B,CANCER,\U0000264B,♋
345,1F503,CLOCKWISE DOWNWARDS AND UPWARDS OPEN CIRCLE ARROWS,\U0001F503,🔃
346,1F46A,FAMILY,\U0001F46A,👪
347,1F192,SQUARED COOL,\U0001F192,🆒
348,1F34A,TANGERINE,\U0001F34A,🍊
349,1F4E3,CHEERING MEGAPHONE,\U0001F4E3,📣
350,1F510,CLOSED LOCK WITH KEY,\U0001F510,🔐
351,1F519,BACK WITH LEFTWARDS ARROW ABOVE,\U0001F519,🔙
352,1F466,BOY,\U0001F466,👦
353,1F305,SUNRISE,\U0001F305,🌅
354,1F4CC,PUSHPIN,\U0001F4CC,📌
355,1F487,HAIRCUT,\U0001F487,💇
356,1F6C5,LEFT LUGGAGE,\U0001F6C5,🛅
357,26AA,MEDIUM WHITE CIRCLE,\U000026AA,⚪
358,1F357,POULTRY LEG,\U0001F357,🍗
359,1F426,BIRD,\U0001F426,🐦
360,26AB,MEDIUM BLACK CIRCLE,\U000026AB,⚫
361,1F303,NIGHT WITH STARS,\U0001F303,🌃
362,1F3E0,HOUSE BUILDING,\U0001F3E0,🏠
363,1F698,ONCOMING AUTOMOBILE,\U0001F698,🚘
364,1F453,EYEGLASSES,\U0001F453,👓
365,1F4FB,RADIO,\U0001F4FB,📻
366,1F332,EVERGREEN TREE,\U0001F332,🌲
367,2198,SOUTH EAST ARROW,\U00002198,↘
368,23F0,ALARM CLOCK,\U000023F0,⏰
369,1F3A8,ARTIST PALETTE,\U0001F3A8,🎨
370,1F3AD,PERFORMING ARTS,\U0001F3AD,🎭
371,231A,WATCH,\U0000231A,⌚
372,1F64E,PERSON WITH POUTING FACE,\U0001F64E,🙎
373,2B06,UPWARDS BLACK ARROW,\U00002B06,⬆
374,1F31B,FIRST QUARTER MOON WITH FACE,\U0001F31B,🌛
375,1F367,SHAVED ICE,\U0001F367,🍧
376,1F34B,LEMON,\U0001F34B,🍋
377,2197,NORTH EAST ARROW,\U00002197,↗
378,2709,ENVELOPE,\U00002709,✉
379,1F4E5,INBOX TRAY,\U0001F4E5,📥
380,1F46C,TWO MEN HOLDING HANDS,\U0001F46C,👬
381,1F41F,FISH,\U0001F41F,🐟
382,2733,EIGHT SPOKED ASTERISK,\U00002733,✳
383,1F475,OLDER WOMAN,\U0001F475,👵
384,1F3C1,CHEQUERED FLAG,\U0001F3C1,🏁
385,1F539,SMALL BLUE DIAMOND,\U0001F539,🔹
386,1F420,TROPICAL FISH,\U0001F420,🐠
387,1F37C,BABY BOTTLE,\U0001F37C,🍼
388,1F501,CLOCKWISE RIGHTWARDS AND LEFTWARDS OPEN CIRCLE ARROWS,\U0001F501,🔁
389,1F45F,ATHLETIC SHOE,\U0001F45F,👟
390,1F311,NEW MOON SYMBOL,\U0001F311,🌑
391,1F35D,SPAGHETTI,\U0001F35D,🍝
392,1F199,SQUARED UP WITH EXCLAMATION MARK,\U0001F199,🆙
393,1F31C,LAST QUARTER MOON WITH FACE,\U0001F31C,🌜
394,1F315,FULL MOON SYMBOL,\U0001F315,🌕
395,2755,WHITE EXCLAMATION MARK ORNAMENT,\U00002755,❕
396,2650,SAGITTARIUS,\U00002650,♐
397,1F43D,PIG NOSE,\U0001F43D,🐽
398,1F195,SQUARED NEW,\U0001F195,🆕
399,2935,ARROW POINTING RIGHTWARDS THEN CURVING DOWNWARDS,\U00002935,⤵
400,1F365,FISH CAKE WITH SWIRL DESIGN,\U0001F365,🍥
401,1F3BE,TENNIS RACQUET AND BALL,\U0001F3BE,🎾
402,26FD,FUEL PUMP,\U000026FD,⛽
403,1F442,EAR,\U0001F442,👂
404,1F470,BRIDE WITH VEIL,\U0001F470,👰
405,1F3A9,TOP HAT,\U0001F3A9,🎩
406,1F435,MONKEY FACE,\U0001F435,🐵
407,1F387,FIREWORK SPARKLER,\U0001F387,🎇
408,1F457,DRESS,\U0001F457,👗
409,1F35C,STEAMING BOWL,\U0001F35C,🍜
410,1F428,KOALA,\U0001F428,🐨
411,1F443,NOSE,\U0001F443,👃
412,1F43A,WOLF FACE,\U0001F43A,🐺
413,1F434,HORSE FACE,\U0001F434,🐴
414,1F333,DECIDUOUS TREE,\U0001F333,🌳
415,1F390,WIND CHIME,\U0001F390,🎐
416,23EA,BLACK LEFT-POINTING DOUBLE TRIANGLE,\U000023EA,⏪
417,1F473,MAN WITH TURBAN,\U0001F473,👳
418,1F517,LINK SYMBOL,\U0001F517,🔗
419,2199,SOUTH WEST ARROW,\U00002199,↙
420,1F51C,SOON WITH RIGHTWARDS ARROW ABOVE,\U0001F51C,🔜
421,1F373,COOKING,\U0001F373,🍳
422,1F41B,BUG,\U0001F41B,🐛
423,26F3,FLAG IN HOLE,\U000026F3,⛳
424,1F414,CHICKEN,\U0001F414,🐔
425,1F6BF,SHOWER,\U0001F6BF,🚿
426,2747,SPARKLE,\U00002747,❇
427,1F33D,EAR OF MAIZE,\U0001F33D,🌽
428,2049,EXCLAMATION QUESTION MARK,\U00002049,⁉
429,1F42E,COW FACE,\U0001F42E,🐮
430,1F5FF,MOYAI,\U0001F5FF,🗿
431,1F474,OLDER MAN,\U0001F474,👴
432,2734,EIGHT POINTED BLACK STAR,\U00002734,✴
433,24C2,CIRCLED LATIN CAPITAL LETTER M,\U000024C2,Ⓜ
434,1F50B,BATTERY,\U0001F50B,🔋
435,1F464,BUST IN SILHOUETTE,\U0001F464,👤
436,1F40B,WHALE,\U0001F40B,🐋
437,1F53A,UP-POINTING RED TRIANGLE,\U0001F53A,🔺
438,1F6BC,BABY SYMBOL,\U0001F6BC,🚼
439,1F35E,BREAD,\U0001F35E,🍞
440,1F699,RECREATIONAL VEHICLE,\U0001F699,🚙
441,26D4,NO ENTRY,\U000026D4,⛔
442,1F439,HAMSTER FACE,\U0001F439,🐹
443,1F518,RADIO BUTTON,\U0001F518,🔘
444,1F53B,DOWN-POINTING RED TRIANGLE,\U0001F53B,🔻
445,1F371,BENTO BOX,\U0001F371,🍱
446,2196,NORTH WEST ARROW,\U00002196,↖
447,1F409,DRAGON,\U0001F409,🐉
448,1F3C4,SURFER,\U0001F3C4,🏄
449,1F42D,MOUSE FACE,\U0001F42D,🐭
450,1F375,TEACUP WITHOUT HANDLE,\U0001F375,🍵
451,1F504,ANTICLOCKWISE DOWNWARDS AND UPWARDS OPEN CIRCLE ARROWS,\U0001F504,🔄
452,2934,ARROW POINTING RIGHTWARDS THEN CURVING UPWARDS,\U00002934,⤴
453,1F50C,ELECTRIC PLUG,\U0001F50C,🔌
454,1F46E,POLICE OFFICER,\U0001F46E,👮
455,1F6A9,TRIANGULAR FLAG ON POST,\U0001F6A9,🚩
456,27B0,CURLY LOOP,\U000027B0,➰
457,1F531,TRIDENT EMBLEM,\U0001F531,🔱
458,2652,AQUARIUS,\U00002652,♒
459,1F424,BABY CHICK,\U0001F424,🐤
460,1F6B2,BICYCLE,\U0001F6B2,🚲
461,1F512,LOCK,\U0001F512,🔒
462,2795,HEAVY PLUS SIGN,\U00002795,➕
463,1F363,SUSHI,\U0001F363,🍣
464,1F34F,GREEN APPLE,\U0001F34F,🍏
465,1F170,NEGATIVE SQUARED LATIN CAPITAL LETTER A,\U0001F170,🅰
466,1F411,SHEEP,\U0001F411,🐑
467,1F345,TOMATO,\U0001F345,🍅
468,1F312,WAXING CRESCENT MOON SYMBOL,\U0001F312,🌒
469,1F40E,HORSE,\U0001F40E,🐎
470,3030,WAVY DASH,\U00003030,〰
471,1F506,HIGH BRIGHTNESS SYMBOL,\U0001F506,🔆
472,1F304,SUNRISE OVER MOUNTAINS,\U0001F304,🌄
473,1F35A,COOKED RICE,\U0001F35A,🍚
474,1F3A3,FISHING POLE AND FISH,\U0001F3A3,🎣
475,1F41E,LADY BEETLE,\U0001F41E,🐞
476,1F465,BUSTS IN SILHOUETTE,\U0001F465,👥
477,1F50D,LEFT-POINTING MAGNIFYING GLASS,\U0001F50D,🔍
478,1F313,FIRST QUARTER MOON SYMBOL,\U0001F313,🌓
479,1F47A,JAPANESE GOBLIN,\U0001F47A,👺
480,1F536,LARGE ORANGE DIAMOND,\U0001F536,🔶
481,1F696,ONCOMING TAXI,\U0001F696,🚖
482,1F407,RABBIT,\U0001F407,🐇
483,1F413,ROOSTER,\U0001F413,🐓
484,231B,HOURGLASS,\U0000231B,⌛
485,1F471,PERSON WITH BLOND HAIR,\U0001F471,👱
486,1F415,DOG,\U0001F415,🐕
487,2195,UP DOWN ARROW,\U00002195,↕
488,1F50E,RIGHT-POINTING MAGNIFYING GLASS,\U0001F50E,🔎
489,1F555,CLOCK FACE SIX OCLOCK,\U0001F555,🕕
490,1F318,WANING CRESCENT MOON SYMBOL,\U0001F318,🌘
491,264F,SCORPIUS,\U0000264F,♏
492,1F492,WEDDING,\U0001F492,💒
493,1F513,OPEN LOCK,\U0001F513,🔓
494,2712,BLACK NIB,\U00002712,✒
495,2648,ARIES,\U00002648,♈
496,23F3,HOURGLASS WITH FLOWING SAND,\U000023F3,⏳
497,1F239,SQUARED CJK UNIFIED IDEOGRAPH-5272,\U0001F239,🈹
498,1F408,CAT,\U0001F408,🐈
499,26F5,SAILBOAT,\U000026F5,⛵
500,1F368,ICE CREAM,\U0001F368,🍨
501,1F314,WAXING GIBBOUS MOON SYMBOL,\U0001F314,🌔
502,303D,PART ALTERNATION MARK,\U0000303D,〽
503,1F364,FRIED SHRIMP,\U0001F364,🍤
504,1F30B,VOLCANO,\U0001F30B,🌋
505,1F456,JEANS,\U0001F456,👖
506,1F317,LAST QUARTER MOON SYMBOL,\U0001F317,🌗
507,3299,CIRCLED IDEOGRAPH SECRET,\U00003299,㊙
508,1F4B2,HEAVY DOLLAR SIGN,\U0001F4B2,💲
509,1F40A,CROCODILE,\U0001F40A,🐊
510,1F41A,SPIRAL SHELL,\U0001F41A,🐚
511,1F4DB,NAME BADGE,\U0001F4DB,📛
512,1F4E9,ENVELOPE WITH DOWNWARDS ARROW ABOVE,\U0001F4E9,📩
513,1F36F,HONEY POT,\U0001F36F,🍯
514,1F171,NEGATIVE SQUARED LATIN CAPITAL LETTER B,\U0001F171,🅱
515,1F4AE,WHITE FLOWER,\U0001F4AE,💮
516,1F356,MEAT ON BONE,\U0001F356,🍖
517,1F316,WANING GIBBOUS MOON SYMBOL,\U0001F316,🌖
518,1F3B9,MUSICAL KEYBOARD,\U0001F3B9,🎹
519,1F514,BELL,\U0001F514,🔔
520,2649,TAURUS,\U00002649,♉
521,1F528,HAMMER,\U0001F528,🔨
522,1F455,T-SHIRT,\U0001F455,👕
523,1F3EA,CONVENIENCE STORE,\U0001F3EA,🏪
524,2653,PISCES,\U00002653,♓
525,2796,HEAVY MINUS SIGN,\U00002796,➖
526,1F472,MAN WITH GUA PI MAO,\U0001F472,👲
527,264C,LEO,\U0000264C,♌
528,1F6C0,BATH,\U0001F6C0,🛀
529,1F429,POODLE,\U0001F429,🐩
530,1F310,GLOBE WITH MERIDIANS,\U0001F310,🌐
531,1F5FD,STATUE OF LIBERTY,\U0001F5FD,🗽
532,1F330,CHESTNUT,\U0001F330,🌰
533,1F68C,BUS,\U0001F68C,🚌
534,1F372,POT OF FOOD,\U0001F372,🍲
535,1F3B1,BILLIARDS,\U0001F3B1,🎱
536,1F454,NECKTIE,\U0001F454,👔
537,1F40C,SNAIL,\U0001F40C,🐌
538,264A,GEMINI,\U0000264A,♊
539,1F4C8,CHART WITH UPWARDS TREND,\U0001F4C8,📈
540,1F6BA,WOMENS SYMBOL,\U0001F6BA,🚺
541,1F35B,CURRY AND RICE,\U0001F35B,🍛
542,1F307,SUNSET OVER BUILDINGS,\U0001F307,🌇
543,1F38B,TANABATA TREE,\U0001F38B,🎋
544,1F41C,ANT,\U0001F41C,🐜
545,1F306,CITYSCAPE AT DUSK,\U0001F306,🌆
546,1F4A0,DIAMOND SHAPE WITH A DOT INSIDE,\U0001F4A0,💠
547,2651,CAPRICORN,\U00002651,♑
548,1F4C0,DVD,\U0001F4C0,📀
549,1F3C2,SNOWBOARDER,\U0001F3C2,🏂
550,1F682,STEAM LOCOMOTIVE,\U0001F682,🚂
551,1F432,DRAGON FACE,\U0001F432,🐲
552,274E,NEGATIVE SQUARED CROSS MARK,\U0000274E,❎
553,1F3BB,VIOLIN,\U0001F3BB,🎻
554,1F51B,ON WITH EXCLAMATION MARK WITH LEFT RIGHT ARROW ABOVE,\U0001F51B,🔛
555,1F537,LARGE BLUE DIAMOND,\U0001F537,🔷
556,1F350,PEAR,\U0001F350,🍐
557,1F3B2,GAME DIE,\U0001F3B2,🎲
558,3297,CIRCLED IDEOGRAPH CONGRATULATION,\U00003297,㊗
559,26EA,CHURCH,\U000026EA,⛪
560,1F3B7,SAXOPHONE,\U0001F3B7,🎷
561,1F4C6,TEAR-OFF CALENDAR,\U0001F4C6,📆
562,1F36E,CUSTARD,\U0001F36E,🍮
563,1F6B4,BICYCLIST,\U0001F6B4,🚴
564,1F38C,CROSSED FLAGS,\U0001F38C,🎌
565,1F3E5,HOSPITAL,\U0001F3E5,🏥
566,1F17E,NEGATIVE SQUARED LATIN CAPITAL LETTER O,\U0001F17E,🅾
567,1F4C5,CALENDAR,\U0001F4C5,📅
568,1F302,CLOSED UMBRELLA,\U0001F302,🌂
569,1F38E,JAPANESE DOLLS,\U0001F38E,🎎
570,1F3E8,HOTEL,\U0001F3E8,🏨
571,1F5FB,MOUNT FUJI,\U0001F5FB,🗻
572,1F6AA,DOOR,\U0001F6AA,🚪
573,1F4E6,PACKAGE,\U0001F4E6,📦
574,1F3E2,OFFICE BUILDING,\U0001F3E2,🏢
575,1F3B3,BOWLING,\U0001F3B3,🎳
576,1F42B,BACTRIAN CAMEL,\U0001F42B,🐫
577,1F416,PIG,\U0001F416,🐖
578,2754,WHITE QUESTION MARK ORNAMENT,\U00002754,❔
579,1F3BA,TRUMPET,\U0001F3BA,🎺
580,1F4F0,NEWSPAPER,\U0001F4F0,📰
581,1F194,SQUARED ID,\U0001F194,🆔
582,264E,LIBRA,\U0000264E,♎
583,264D,VIRGO,\U0000264D,♍
584,1F3E9,LOVE HOTEL,\U0001F3E9,🏩
585,1F19A,SQUARED VS,\U0001F19A,🆚
586,1F361,DANGO,\U0001F361,🍡
587,1F452,WOMANS HAT,\U0001F452,👒
588,1F45E,MANS SHOE,\U0001F45E,👞
589,1F694,ONCOMING POLICE CAR,\U0001F694,🚔
590,1F530,JAPANESE SYMBOL FOR BEGINNER,\U0001F530,🔰
591,1F6BD,TOILET,\U0001F6BD,🚽
592,1F45C,HANDBAG,\U0001F45C,👜
593,1F3EB,SCHOOL,\U0001F3EB,🏫
594,1F404,COW,\U0001F404,🐄
595,1F4B3,CREDIT CARD,\U0001F4B3,💳
596,1F53D,DOWN-POINTING SMALL RED TRIANGLE,\U0001F53D,🔽
597,1F3C9,RUGBY FOOTBALL,\U0001F3C9,🏉
598,1F515,BELL WITH CANCELLATION STROKE,\U0001F515,🔕
599,1F53C,UP-POINTING SMALL RED TRIANGLE,\U0001F53C,🔼
600,1F400,RAT,\U0001F400,🐀
601,1F3A1,FERRIS WHEEL,\U0001F3A1,🎡
602,1F693,POLICE CAR,\U0001F693,🚓
603,1F42A,DROMEDARY CAMEL,\U0001F42A,🐪
604,1F477,CONSTRUCTION WORKER,\U0001F477,👷
605,1F359,RICE BALL,\U0001F359,🍙
606,1F6A3,ROWBOAT,\U0001F6A3,🚣
607,1F6A2,SHIP,\U0001F6A2,🚢
608,1F4F4,MOBILE PHONE OFF,\U0001F4F4,📴
609,1F40F,RAM,\U0001F40F,🐏
610,1F488,BARBER POLE,\U0001F488,💈
611,1F692,FIRE ENGINE,\U0001F692,🚒
612,1F421,BLOWFISH,\U0001F421,🐡
613,1F17F,NEGATIVE SQUARED LATIN CAPITAL LETTER P,\U0001F17F,🅿
614,1F5FC,TOKYO TOWER,\U0001F5FC,🗼
615,1F45B,PURSE,\U0001F45B,👛
616,23EB,BLACK UP-POINTING DOUBLE TRIANGLE,\U000023EB,⏫
617,1F0CF,PLAYING CARD BLACK JOKER,\U0001F0CF,🃏
618,1F691,AMBULANCE,\U0001F691,🚑
619,1F3A2,ROLLER COASTER,\U0001F3A2,🎢
620,1F4E1,SATELLITE ANTENNA,\U0001F4E1,📡
621,1F3C7,HORSE RACING,\U0001F3C7,🏇
622,1F4B7,BANKNOTE WITH POUND SIGN,\U0001F4B7,💷
623,2139,INFORMATION SOURCE,\U00002139,ℹ
624,1F458,KIMONO,\U0001F458,👘
625,1F392,SCHOOL SATCHEL,\U0001F392,🎒
626,1F695,TAXI,\U0001F695,🚕
627,1F462,WOMANS BOOTS,\U0001F462,👢
628,1F3F0,EUROPEAN CASTLE,\U0001F3F0,🏰
629,27BF,DOUBLE CURLY LOOP,\U000027BF,➿
630,26FA,TENT,\U000026FA,⛺
631,1F45A,WOMANS CLOTHES,\U0001F45A,👚
632,1F417,BOAR,\U0001F417,🐗
633,1F532,BLACK SQUARE BUTTON,\U0001F532,🔲
634,1F3AB,TICKET,\U0001F3AB,🎫
635,1F3AA,CIRCUS TENT,\U0001F3AA,🎪
636,1F55B,CLOCK FACE TWELVE OCLOCK,\U0001F55B,🕛
637,1F405,TIGER,\U0001F405,🐅
638,1F4BC,BRIEFCASE,\U0001F4BC,💼
639,1F51A,END WITH LEFTWARDS ARROW ABOVE,\U0001F51A,🔚
640,1F402,OX,\U0001F402,🐂
641,25AB,WHITE SMALL SQUARE,\U000025AB,▫
642,1F309,BRIDGE AT NIGHT,\U0001F309,🌉
643,1F526,ELECTRIC TORCH,\U0001F526,🔦
644,23EC,BLACK DOWN-POINTING DOUBLE TRIANGLE,\U000023EC,⏬
645,1F681,HELICOPTER,\U0001F681,🚁
646,1F348,MELON,\U0001F348,🍈
647,1F69A,DELIVERY TRUCK,\U0001F69A,🚚
648,1F301,FOGGY,\U0001F301,🌁
649,1F68D,ONCOMING BUS,\U0001F68D,🚍
650,1F552,CLOCK FACE THREE OCLOCK,\U0001F552,🕒
651,25FE,BLACK MEDIUM SMALL SQUARE,\U000025FE,◾
652,1F461,WOMANS SANDAL,\U0001F461,👡
653,1F533,WHITE SQUARE BUTTON,\U0001F533,🔳
654,1F52F,SIX POINTED STAR WITH MIDDLE DOT,\U0001F52F,🔯
655,1F566,CLOCK FACE ELEVEN-THIRTY,\U0001F566,🕦
656,1F6B9,MENS SYMBOL,\U0001F6B9,🚹
657,1F4BA,SEAT,\U0001F4BA,💺
658,1F38D,PINE DECORATION,\U0001F38D,🎍
659,1F360,ROASTED SWEET POTATO,\U0001F360,🍠
660,1F550,CLOCK FACE ONE OCLOCK,\U0001F550,🕐
661,1F6A7,CONSTRUCTION SIGN,\U0001F6A7,🚧
662,25FC,BLACK MEDIUM SQUARE,\U000025FC,◼
663,1F4F6,ANTENNA WITH BARS,\U0001F4F6,📶
664,1F51F,KEYCAP TEN,\U0001F51F,🔟
665,1F38F,CARP STREAMER,\U0001F38F,🎏
666,1F505,LOW BRIGHTNESS SYMBOL,\U0001F505,🔅
667,1F4BD,MINIDISC,\U0001F4BD,💽
668,1F4D3,NOTEBOOK,\U0001F4D3,📓
669,1F4B6,BANKNOTE WITH EURO SIGN,\U0001F4B6,💶
670,1F362,ODEN,\U0001F362,🍢
671,1F3A0,CAROUSEL HORSE,\U0001F3A0,🎠
672,26CE,OPHIUCHUS,\U000026CE,⛎
673,1F4EE,POSTBOX,\U0001F4EE,📮
674,1F3E4,EUROPEAN POST OFFICE,\U0001F3E4,🏤
675,1F507,SPEAKER WITH CANCELLATION STROKE,\U0001F507,🔇
676,1F4CE,PAPERCLIP,\U0001F4CE,📎
677,267F,WHEELCHAIR SYMBOL,\U0000267F,♿
678,1F3BF,SKI AND SKI BOOT,\U0001F3BF,🎿
679,1F4E7,E-MAIL SYMBOL,\U0001F4E7,📧
680,1F4EC,OPEN MAILBOX WITH RAISED FLAG,\U0001F4EC,📬
681,1F551,CLOCK FACE TWO OCLOCK,\U0001F551,🕑
682,1F3B0,SLOT MACHINE,\U0001F3B0,🎰
683,1F4D2,LEDGER,\U0001F4D2,📒
684,1F391,MOON VIEWING CEREMONY,\U0001F391,🎑
685,1F406,LEOPARD,\U0001F406,🐆
686,1F376,SAKE BOTTLE AND CUP,\U0001F376,🍶
687,1F358,RICE CRACKER,\U0001F358,🍘
688,1F3EC,DEPARTMENT STORE,\U0001F3EC,🏬
689,1F4C9,CHART WITH DOWNWARDS TREND,\U0001F4C9,📉
690,2B1C,WHITE LARGE SQUARE,\U00002B1C,⬜
691,1F52D,TELESCOPE,\U0001F52D,🔭
692,1F683,RAILWAY CAR,\U0001F683,🚃
693,1F4BE,FLOPPY DISK,\U0001F4BE,💾
694,1F3E7,AUTOMATED TELLER MACHINE,\U0001F3E7,🏧
695,1F4FC,VIDEOCASSETTE,\U0001F4FC,📼
696,1F553,CLOCK FACE FOUR OCLOCK,\U0001F553,🕓
697,1F4CA,BAR CHART,\U0001F4CA,📊
698,1F684,HIGH-SPEED TRAIN,\U0001F684,🚄
699,1F403,WATER BUFFALO,\U0001F403,🐃
700,1F3BD,RUNNING SHIRT WITH SASH,\U0001F3BD,🎽
701,1F554,CLOCK FACE FIVE OCLOCK,\U0001F554,🕔
702,1F6A4,SPEEDBOAT,\U0001F6A4,🚤
703,1F4CB,CLIPBOARD,\U0001F4CB,📋
704,1F3A6,CINEMA,\U0001F3A6,🎦
705,1F4B4,BANKNOTE WITH YEN SIGN,\U0001F4B4,💴
706,1F6A5,HORIZONTAL TRAFFIC LIGHT,\U0001F6A5,🚥
707,1F502,CLOCKWISE RIGHTWARDS AND LEFTWARDS OPEN CIRCLE ARROWS WITH CIRCLED ONE OVERLAY,\U0001F502,🔂
708,1F558,CLOCK FACE NINE OCLOCK,\U0001F558,🕘
709,25FB,WHITE MEDIUM SQUARE,\U000025FB,◻
710,1F69B,ARTICULATED LORRY,\U0001F69B,🚛
711,1F527,WRENCH,\U0001F527,🔧
712,1F4E8,INCOMING ENVELOPE,\U0001F4E8,📨
713,1F4D7,GREEN BOOK,\U0001F4D7,📗
714,2B1B,BLACK LARGE SQUARE,\U00002B1B,⬛
715,1F559,CLOCK FACE TEN OCLOCK,\U0001F559,🕙
716,1F557,CLOCK FACE EIGHT OCLOCK,\U0001F557,🕗
717,1F3E6,BANK,\U0001F3E6,🏦
718,1F4D8,BLUE BOOK,\U0001F4D8,📘
719,1F690,MINIBUS,\U0001F690,🚐
720,26F2,FOUNTAIN,\U000026F2,⛲
721,1F401,MOUSE,\U0001F401,🐁
722,1F508,SPEAKER,\U0001F508,🔈
723,1F509,SPEAKER WITH ONE SOUND WAVE,\U0001F509,🔉
724,1F52C,MICROSCOPE,\U0001F52C,🔬
725,1F556,CLOCK FACE SEVEN OCLOCK,\U0001F556,🕖
726,1F69C,TRACTOR,\U0001F69C,🚜
727,1F250,CIRCLED IDEOGRAPH ADVANTAGE,\U0001F250,🉐
728,1F6C1,BATHTUB,\U0001F6C1,🛁
729,1F687,METRO,\U0001F687,🚇
730,1F3EE,IZAKAYA LANTERN,\U0001F3EE,🏮
731,1F4F5,NO MOBILE PHONES,\U0001F4F5,📵
732,1F4F3,VIBRATION MODE,\U0001F4F3,📳
733,1F55A,CLOCK FACE ELEVEN OCLOCK,\U0001F55A,🕚
734,1F6BE,WATER CLOSET,\U0001F6BE,🚾
735,1F4DC,SCROLL,\U0001F4DC,📜
736,1F529,NUT AND BOLT,\U0001F529,🔩
737,1F4B9,CHART WITH UPWARDS TREND AND YEN SIGN,\U0001F4B9,💹
738,1F196,SQUARED NG,\U0001F196,🆖
739,1F4B1,CURRENCY EXCHANGE,\U0001F4B1,💱
740,1F685,HIGH-SPEED TRAIN WITH BULLET NOSE,\U0001F685,🚅
741,1F4C4,PAGE FACING UP,\U0001F4C4,📄
742,1F6AD,NO SMOKING SYMBOL,\U0001F6AD,🚭
743,1F689,STATION,\U0001F689,🚉
744,1F516,BOOKMARK,\U0001F516,🔖
745,1F22F,SQUARED CJK UNIFIED IDEOGRAPH-6307,\U0001F22F,🈯
746,1F68A,TRAM,\U0001F68A,🚊
747,1F3EF,JAPANESE CASTLE,\U0001F3EF,🏯
748,1F6B7,NO PEDESTRIANS,\U0001F6B7,🚷
749,1F18E,NEGATIVE SQUARED AB,\U0001F18E,🆎
750,1F68E,TROLLEYBUS,\U0001F68E,🚎
751,25FD,WHITE MEDIUM SMALL SQUARE,\U000025FD,◽
752,1F6B5,MOUNTAIN BICYCLIST,\U0001F6B5,🚵
753,1F4C3,PAGE WITH CURL,\U0001F4C3,📃
754,1F500,TWISTED RIGHTWARDS ARROWS,\U0001F500,🔀
755,1F6BB,RESTROOM,\U0001F6BB,🚻
756,1F4D1,BOOKMARK TABS,\U0001F4D1,📑
757,1F68F,BUS STOP,\U0001F68F,🚏
758,1F233,SQUARED CJK UNIFIED IDEOGRAPH-7A7A,\U0001F233,🈳
759,1F4E0,FAX MACHINE,\U0001F4E0,📠
760,1F4EB,CLOSED MAILBOX WITH RAISED FLAG,\U0001F4EB,📫
761,1F55C,CLOCK FACE ONE-THIRTY,\U0001F55C,🕜
762,1F3B4,FLOWER PLAYING CARDS,\U0001F3B4,🎴
763,1F45D,POUCH,\U0001F45D,👝
764,1F3ED,FACTORY,\U0001F3ED,🏭
765,1F564,CLOCK FACE NINE-THIRTY,\U0001F564,🕤
766,1F50F,LOCK WITH INK PEN,\U0001F50F,🔏
767,1F3E3,JAPANESE POST OFFICE,\U0001F3E3,🏣
768,1F68B,TRAM CAR,\U0001F68B,🚋
769,1F4D0,TRIANGULAR RULER,\U0001F4D0,📐
770,1F191,SQUARED CL,\U0001F191,🆑
771,1F4EF,POSTAL HORN,\U0001F4EF,📯
772,1F004,MAHJONG TILE RED DRAGON,\U0001F004,🀄
773,1F4EA,CLOSED MAILBOX WITH LOWERED FLAG,\U0001F4EA,📪
774,1F4D9,ORANGE BOOK,\U0001F4D9,📙
775,1F55D,CLOCK FACE TWO-THIRTY,\U0001F55D,🕝
776,1F23A,SQUARED CJK UNIFIED IDEOGRAPH-55B6,\U0001F23A,🈺
777,1F688,LIGHT RAIL,\U0001F688,🚈
778,1F6B8,CHILDREN CROSSING,\U0001F6B8,🚸
779,1F686,TRAIN,\U0001F686,🚆
780,1F5FE,SILHOUETTE OF JAPAN,\U0001F5FE,🗾
781,1F4D4,NOTEBOOK WITH DECORATIVE COVER,\U0001F4D4,📔
782,1F236,SQUARED CJK UNIFIED IDEOGRAPH-6709,\U0001F236,🈶
783,1F565,CLOCK FACE TEN-THIRTY,\U0001F565,🕥
784,1F4CF,STRAIGHT RULER,\U0001F4CF,📏
785,1F522,INPUT SYMBOL FOR NUMBERS,\U0001F522,🔢
786,2797,HEAVY DIVISION SIGN,\U00002797,➗
787,1F55E,CLOCK FACE THREE-THIRTY,\U0001F55E,🕞
788,1F55F,CLOCK FACE FOUR-THIRTY,\U0001F55F,🕟
789,1F237,SQUARED CJK UNIFIED IDEOGRAPH-6708,\U0001F237,🈷
790,1F562,CLOCK FACE SEVEN-THIRTY,\U0001F562,🕢
791,1F21A,SQUARED CJK UNIFIED IDEOGRAPH-7121,\U0001F21A,🈚
792,1F232,SQUARED CJK UNIFIED IDEOGRAPH-7981,\U0001F232,🈲
793,1F560,CLOCK FACE FIVE-THIRTY,\U0001F560,🕠
794,1F251,CIRCLED IDEOGRAPH ACCEPT,\U0001F251,🉑
795,1F202,SQUARED KATAKANA SA,\U0001F202,🈂
796,1F235,SQUARED CJK UNIFIED IDEOGRAPH-6E80,\U0001F235,🈵
797,1F238,SQUARED CJK UNIFIED IDEOGRAPH-7533,\U0001F238,🈸
798,1F563,CLOCK FACE EIGHT-THIRTY,\U0001F563,🕣
799,1F4ED,OPEN MAILBOX WITH LOWERED FLAG,\U0001F4ED,📭
800,1F4E4,OUTBOX TRAY,\U0001F4E4,📤
801,1F4C2,OPEN FILE FOLDER,\U0001F4C2,📂
802,1F4DF,PAGER,\U0001F4DF,📟
803,1F561,CLOCK FACE SIX-THIRTY,\U0001F561,🕡
804,1F234,SQUARED CJK UNIFIED IDEOGRAPH-5408,\U0001F234,🈴
805,1F4C1,FILE FOLDER,\U0001F4C1,📁
806,1F6B0,POTABLE WATER SYMBOL,\U0001F6B0,🚰
807,1F69D,MONORAIL,\U0001F69D,🚝
808,1F4C7,CARD INDEX,\U0001F4C7,📇
809,1F567,CLOCK FACE TWELVE-THIRTY,\U0001F567,🕧
810,1F6AF,DO NOT LITTER SYMBOL,\U0001F6AF,🚯
811,1F69E,MOUNTAIN RAILWAY,\U0001F69E,🚞
812,1F524,INPUT SYMBOL FOR LATIN LETTERS,\U0001F524,🔤
813,1F523,INPUT SYMBOL FOR SYMBOLS,\U0001F523,🔣
814,1F6C4,BAGGAGE CLAIM,\U0001F6C4,🛄
815,1F6B3,NO BICYCLES,\U0001F6B3,🚳
816,1F201,SQUARED KATAKANA KOKO,\U0001F201,🈁
817,1F520,INPUT SYMBOL FOR LATIN CAPITAL LETTERS,\U0001F520,🔠
818,1F6A1,AERIAL TRAMWAY,\U0001F6A1,🚡
819,1F6A0,MOUNTAIN CABLEWAY,\U0001F6A0,🚠
820,1F6C2,PASSPORT CONTROL,\U0001F6C2,🛂
821,1F521,INPUT SYMBOL FOR LATIN SMALL LETTERS,\U0001F521,🔡
822,1F6B1,NON-POTABLE WATER SYMBOL,\U0001F6B1,🚱
823,1F69F,SUSPENSION RAILWAY,\U0001F69F,🚟
