Emojis,Count
FACE WITH TEARS OF JOY,3150
LOUDLY CRYING FACE,2916
FACE WITH STUCK-OUT TONGUE AND WINKING EYE,2767
POUTING FACE,2709
CONFUSED FACE,2690
HEAVY BLACK HEART,400
SMILING FACE WITH HEART-SHAPED EYES,232
FACE THROWING A KISS,113
PERSON FROWNING,75
WINKING FACE,56
PENSIVE FACE,41
SMILING FACE WITH SUNGLASSES,27
WEARY FACE,26
FLUSHED FACE,24
SMILING FACE WITH SMILING EYES,24
KISS MARK,23
FACE WITH STUCK-OUT TONGUE AND TIGHTLY-CLOSED EYES,22
SMIRKING FACE,22
FACE SCREAMING IN FEAR,21
TWO HEARTS,20
CRYING FACE,19
PARTY POPPER,18
PERSON WITH FOLDED HANDS,16
SMILING FACE WITH OPEN MOUTH AND COLD SWEAT,13
GRINNING FACE WITH SMILING EYES,13
BEATING HEART,12
EYES,12
GRIMACING FACE,12
NEUTRAL FACE,12
HUNDRED POINTS SYMBOL,11
PERSON RAISING BOTH HANDS IN CELEBRATION,11
CLAPPING HANDS SIGN,10
SEE-NO-EVIL MONKEY,10
FIRE,10
SKULL,10
PURPLE HEART,9
FACE WITH LOOK OF TRIUMPH,8
ASTONISHED FACE,8
GREEN HEART,8
PILE OF POO,7
SPLASHING SWEAT SYMBOL,7
BLUE HEART,7
SMILING FACE WITH OPEN MOUTH AND SMILING EYES,7
SPARKLING HEART,7
SLEEPING FACE,7
SPARKLES,7
ANGRY FACE,6
FACE SAVOURING DELICIOUS FOOD,6
BROKEN HEART,6
YELLOW HEART,6
MULTIPLE MUSICAL NOTES,6
THUMBS UP SIGN,6
SMILING FACE WITH OPEN MOUTH,6
VICTORY HAND,6
GROWING HEART,5
BLACK HEART SUIT,5
OK HAND SIGN,5
SMILING CAT FACE WITH HEART-SHAPED EYES,5
FACE WITH STUCK-OUT TONGUE,5
WAVING HAND SIGN,5
CROWN,5
SMILING FACE WITH HORNS,5
TWO MEN HOLDING HANDS,5
SPEAKER WITH THREE SOUND WAVES,4
SPEAK-NO-EVIL MONKEY,4
RELIEVED FACE,4
TIRED FACE,4
FLEXED BICEPS,4
CAMERA,4
SMILING FACE WITH OPEN MOUTH AND TIGHTLY-CLOSED EYES,4
CONFETTI BALL,4
GRINNING FACE,3
FACE WITHOUT MOUTH,3
PEACH,3
HAPPY PERSON RAISING ONE HAND,3
DISAPPOINTED FACE,3
RAISED FIST,3
HUSHED FACE,3
UNAMUSED FACE,3
RUNNER,3
FACE WITH OPEN MOUTH,3
BOOKS,3
BALLOON,3
BASKETBALL AND HOOP,3
EXPRESSIONLESS FACE,3
WHITE RIGHT POINTING BACKHAND INDEX,3
DISAPPOINTED BUT RELIEVED FACE,3
PISTOL,3
STEAM LOCOMOTIVE,2
DIZZY FACE,2
CONFOUNDED FACE,2
JACK-O-LANTERN,2
DANCER,2
WATER WAVE,2
RABBIT,2
FISTED HAND SIGN,2
RING,2
THUMBS DOWN SIGN,2
GLOWING STAR,2
WHITE EXCLAMATION MARK ORNAMENT,2
DOG FACE,2
KISSING FACE WITH SMILING EYES,2
PERSEVERING FACE,2
RAISED HAND,2
AMERICAN FOOTBALL,2
HEAVY EXCLAMATION MARK SYMBOL,2
RAINBOW,2
NEW MOON WITH FACE,2
WHITE SMILING FACE,2
SMILING FACE WITH HALO,2
TONGUE,2
BIRTHDAY CAKE,2
ATHLETIC SHOE,2
FACE WITH COLD SWEAT,2
FACE WITH MEDICAL MASK,2
CAT FACE WITH TEARS OF JOY,2
SNAKE,2
AUTOMOBILE,2
FACE WITH OPEN MOUTH AND COLD SWEAT,1
BANANA,1
DOUGHNUT,1
CHICKEN,1
FOUR LEAF CLOVER,1
SPAGHETTI,1
AUBERGINE,1
ANGUISHED FACE,1
TRADE MARK SIGN,1
FATHER CHRISTMAS,1
WRAPPED PRESENT,1
LARGE RED CIRCLE,1
MOUTH,1
MAN AND WOMAN HOLDING HANDS,1
CAT,1
STEAMING BOWL,1
WOLF FACE,1
ONCOMING AUTOMOBILE,1
SLEEPING SYMBOL,1
PUT LITTER IN ITS PLACE SYMBOL,1
BOY,1
BUS,1
STATUE OF LIBERTY,1
BEER MUG,1
CHOCOLATE BAR,1
TEACUP WITHOUT HANDLE,1
MAN,1
CHERRY BLOSSOM,1
OX,1
PALM TREE,1
ROSE,1
SEEDLING,1
LOLLIPOP,1
SHORTCAKE,1
HEART DECORATION,1
COOKING,1
UPWARDS BLACK ARROW,1
HONEY POT,1
RAT,1
EAR OF RICE,1
FRONT-FACING BABY CHICK,1
KISSING FACE,1
OPEN BOOK,1
WORRIED FACE,1
WINE GLASS,1
RECREATIONAL VEHICLE,1
FULL MOON WITH FACE,1
BEAR FACE,1
COOKIE,1
SOCCER BALL,1
BUST IN SILHOUETTE,1
CROCODILE,1
VOLCANO,1
HEART WITH RIBBON,1
EARTH GLOBE EUROPE-AFRICA,1
CHRISTMAS TREE,1
IMP,1
TELEVISION,1
FACE WITH OK GESTURE,1
SLICE OF PIZZA,1
CLINKING BEER MUGS,1
BIKINI,1
HOTEL,1
EVERGREEN TREE,1
MONEY BAG,1
BLACK RIGHT-POINTING TRIANGLE,1
DOG,1
KISSING FACE WITH CLOSED EYES,1
MOBILE PHONE,1
GUITAR,1
WHITE HEAVY CHECK MARK,1
BLACK QUESTION MARK ORNAMENT,1
MAPLE LEAF,1
DOLPHIN,1
FACE WITH NO GOOD GESTURE,1
LARGE BLUE CIRCLE,1
